INSERT INTO STORES(ID, NAME) VALUES (1, 'Products');
INSERT INTO STORES(ID, NAME) VALUES (2, 'Warranty Cases');

INSERT INTO ITEMS(ID, DESCRIPTION, SUPPLIER) VALUES(1, 'Harddisk 30GB', 'IBM');
INSERT INTO ITEMS(ID, DESCRIPTION, SUPPLIER) VALUES(2, 'Harddisk 30GB', 'Seagate');
INSERT INTO ITEMS(ID, DESCRIPTION, SUPPLIER) VALUES(3, 'Harddisk 20GB', 'Fujitsu');
INSERT INTO ITEMS(ID, DESCRIPTION, SUPPLIER) VALUES(4, 'Graphics Adaptor', 'ATI');
INSERT INTO ITEMS(ID, DESCRIPTION, SUPPLIER) VALUES(5, 'Housing Big Tower', 'Plangate Inc');
INSERT INTO ITEMS(ID, DESCRIPTION, SUPPLIER) VALUES(6, 'Housing Midi Tower', 'Plangate Inc');
INSERT INTO ITEMS(ID, DESCRIPTION, SUPPLIER) VALUES(7, 'ZIP 250 USB Host Powered', 'IOMEGA');
INSERT INTO ITEMS(ID, DESCRIPTION, SUPPLIER) VALUES(8, 'PC Keyboard USB', 'Cherry');
INSERT INTO ITEMS(ID, DESCRIPTION, SUPPLIER) VALUES(9, 'PC Keyboard Infrared', 'Logitech');
INSERT INTO ITEMS(ID, DESCRIPTION, SUPPLIER) VALUES(10, 'TFT Screen 15 inch', 'Samsung');
INSERT INTO ITEMS(ID, DESCRIPTION, SUPPLIER) VALUES(11, 'TFT Screen 17 inch', 'Samsung');
INSERT INTO ITEMS(ID, DESCRIPTION, SUPPLIER) VALUES(12, 'Screen 19 inch', 'Sony');
INSERT INTO ITEMS(ID, DESCRIPTION, SUPPLIER) VALUES(13, 'Dolby Sound System', 'Sound Systems Inc.');
INSERT INTO ITEMS(ID, DESCRIPTION, SUPPLIER) VALUES(14, 'Mouse USB', 'Logitech');
INSERT INTO ITEMS(ID, DESCRIPTION, SUPPLIER) VALUES(15, 'Deskjet Printer', 'Hewlett Packard');

INSERT INTO RACKS(ID, DESCRIPTION, STOREID) VALUES (1, 'Diverse', 1);
INSERT INTO RACKS(ID, DESCRIPTION, STOREID) VALUES (2, 'Housings', 1);
INSERT INTO RACKS(ID, DESCRIPTION, STOREID) VALUES (3, 'Screens', 1);
INSERT INTO RACKS(ID, DESCRIPTION, STOREID) VALUES (4, 'Rack 1', 2);
INSERT INTO RACKS(ID, DESCRIPTION, STOREID) VALUES (5, 'Rack 2', 2);

INSERT INTO POSITIONS(RACKID, PROW, PCOLUMN, ITEMID, QUANTITY) VALUES (1, 1, 1, 1, 5);
INSERT INTO POSITIONS(RACKID, PROW, PCOLUMN, ITEMID, QUANTITY) VALUES (1, 1, 2, 2, 7);
INSERT INTO POSITIONS(RACKID, PROW, PCOLUMN, ITEMID, QUANTITY) VALUES (1, 2, 2, 3, 4);
INSERT INTO POSITIONS(RACKID, PROW, PCOLUMN, ITEMID, QUANTITY) VALUES (1, 2, 3, 3, 2);
INSERT INTO POSITIONS(RACKID, PROW, PCOLUMN, ITEMID, QUANTITY) VALUES (1, 2, 1, 4, 10);
INSERT INTO POSITIONS(RACKID, PROW, PCOLUMN, ITEMID, QUANTITY) VALUES (1, 3, 2, 8, 4);
INSERT INTO POSITIONS(RACKID, PROW, PCOLUMN, ITEMID, QUANTITY) VALUES (1, 3, 3, 13, 1);
INSERT INTO POSITIONS(RACKID, PROW, PCOLUMN, ITEMID, QUANTITY) VALUES (1, 4, 1, 14, 12);
INSERT INTO POSITIONS(RACKID, PROW, PCOLUMN, ITEMID, QUANTITY) VALUES (1, 4, 2, 7, 3);
INSERT INTO POSITIONS(RACKID, PROW, PCOLUMN, ITEMID, QUANTITY) VALUES (1, 4, 3, 15, 2);

INSERT INTO POSITIONS(RACKID, PROW, PCOLUMN, ITEMID, QUANTITY) VALUES (2, 1, 1, 5, 1);
INSERT INTO POSITIONS(RACKID, PROW, PCOLUMN, ITEMID, QUANTITY) VALUES (2, 1, 2, 5, 1);
INSERT INTO POSITIONS(RACKID, PROW, PCOLUMN, ITEMID, QUANTITY) VALUES (2, 1, 3, 5, 1);
INSERT INTO POSITIONS(RACKID, PROW, PCOLUMN, ITEMID, QUANTITY) VALUES (2, 1, 4, 5, 1);
INSERT INTO POSITIONS(RACKID, PROW, PCOLUMN, ITEMID, QUANTITY) VALUES (2, 2, 1, 5, 1);
INSERT INTO POSITIONS(RACKID, PROW, PCOLUMN, ITEMID, QUANTITY) VALUES (2, 2, 2, 5, 1);
INSERT INTO POSITIONS(RACKID, PROW, PCOLUMN, ITEMID, QUANTITY) VALUES (2, 2, 3, 5, 1);
INSERT INTO POSITIONS(RACKID, PROW, PCOLUMN, ITEMID, QUANTITY) VALUES (2, 2, 4, 5, 1);
INSERT INTO POSITIONS(RACKID, PROW, PCOLUMN, ITEMID, QUANTITY) VALUES (2, 3, 1, 6, 1);
INSERT INTO POSITIONS(RACKID, PROW, PCOLUMN, ITEMID, QUANTITY) VALUES (2, 3, 2, 6, 1);
INSERT INTO POSITIONS(RACKID, PROW, PCOLUMN, ITEMID, QUANTITY) VALUES (2, 3, 3, 6, 1);

INSERT INTO POSITIONS(RACKID, PROW, PCOLUMN, ITEMID, QUANTITY) VALUES (3, 1, 1, 10, 1);
INSERT INTO POSITIONS(RACKID, PROW, PCOLUMN, ITEMID, QUANTITY) VALUES (3, 1, 2, 10, 1);
INSERT INTO POSITIONS(RACKID, PROW, PCOLUMN, ITEMID, QUANTITY) VALUES (3, 1, 3, 10, 1);
INSERT INTO POSITIONS(RACKID, PROW, PCOLUMN, ITEMID, QUANTITY) VALUES (3, 2, 1, 11, 1);
INSERT INTO POSITIONS(RACKID, PROW, PCOLUMN, ITEMID, QUANTITY) VALUES (3, 2, 2, 11, 1);
INSERT INTO POSITIONS(RACKID, PROW, PCOLUMN, ITEMID, QUANTITY) VALUES (3, 2, 3, 11, 1);
INSERT INTO POSITIONS(RACKID, PROW, PCOLUMN, ITEMID, QUANTITY) VALUES (3, 3, 1, 12, 1);

INSERT INTO POSITIONS(RACKID, PROW, PCOLUMN, ITEMID, QUANTITY) VALUES (4, 2, 3, 7, 1);
INSERT INTO POSITIONS(RACKID, PROW, PCOLUMN, ITEMID, QUANTITY) VALUES (5, 1, 1, 12, 1);
INSERT INTO POSITIONS(RACKID, PROW, PCOLUMN, ITEMID, QUANTITY) VALUES (5, 2, 1, 15, 1);
